Name,Url,Authority,Started On,Finished On,License Number
Data protection basics,https://online.atingi.org/admin/tool/certificate/index.php?code=8992189994MM,atingi.org,May 2025,,8992189994MM
Artificial Intelligence for Policy Makers,https://online.atingi.org/admin/tool/certificate/index.php?code=2721734589MM,atingi.org,May 2025,,2721734589MM
Digital Soft Skills Training,https://online.atingi.org/admin/tool/certificate/index.php?code=2296832077MM,atingi.org,May 2025,,2296832077MM
Ethical AI in Practice,https://online.atingi.org/admin/tool/certificate/index.php?code=0147101903MM,atingi.org,May 2025,,0147101903MM
Interpersonal Communication,https://online.atingi.org/admin/tool/certificate/index.php?code=2029657962MM,atingi.org,May 2025,,2029657962MM
AI Transfer Learning,https://online.atingi.org/admin/tool/certificate/index.php?code=8232376495MM,atingi.org,Apr 2025,,8232376495MM
GovStack : Consent Building Block,https://online.atingi.org/admin/tool/certificate/index.php?code=7057496151MM,atingi.org,Apr 2025,,7057496151MM
eCommerce in EU Marketplaces,https://online.atingi.org/admin/tool/certificate/index.php?code=4103117233MM,atingi.org,Apr 2025,,4103117233MM
Political Microtargeting: Dangers and Regulation of Data-Driven Campaigning,https://online.atingi.org/admin/tool/certificate/index.php?code=2503797835MM,atingi.org,Apr 2025,,2503797835MM
Cybersecurity,https://online.atingi.org/admin/tool/certificate/index.php?code=9123833022MM,atingi.org,Apr 2025,,9123833022MM
Digital and Social Media Marketing,https://online.atingi.org/admin/tool/certificate/index.php?code=0227754474MM,atingi.org,Apr 2025,,0227754474MM
Computing Skills for Business,https://online.atingi.org/admin/tool/certificate/index.php?code=1072538540MM,atingi.org,Apr 2025,,1072538540MM
E-Commerce and E-Business,https://online.atingi.org/admin/tool/certificate/index.php?code=3124242360MM,atingi.org,Apr 2025,,3124242360MM
Human Centered Design Crash Course,https://online.atingi.org/admin/tool/certificate/index.php?code=8659548751MM,atingi.org,Apr 2025,,8659548751MM
An Introduction to AI & Emerging Technologies,https://online.atingi.org/admin/tool/certificate/index.php?code=6404405368MM,atingi.org,Apr 2025,,6404405368MM
Digital Safety and Security,https://online.atingi.org/admin/tool/certificate/index.php?code=7741112872MM,atingi.org,Apr 2025,,7741112872MM
Conflict Management and Resolution,https://online.atingi.org/admin/tool/certificate/index.php?code=6112074836MM,atingi.org,Apr 2025,,6112074836MM
Customer Care & Complaint Management,https://online.atingi.org/admin/tool/certificate/index.php?code=3739856940MM,atingi.org,Apr 2025,,3739856940MM
"IS-00100.c: Introduction to Incident Command System, ICS-100",,FEMA,Apr 2025,,SID: 0009284968
"IS-00200.c: Basic Incident Command System for Initial Response, ICS-200",,FEMA,Apr 2025,,SID: 0009284968
IS-00700.b: An Introduction to the National Incident Management System,,FEMA,Apr 2025,,SID: 0009284968
IS-00703.b: National Incident Management System Resource Management,,FEMA,Apr 2025,,SID: 0009284968
"IS-00800.d: National Response Framework, An Introduction",,FEMA,Apr 2025,,SID: 0009284968
"IS-00860.c: The National Infrastructure Protection Plan, An Introduction",,FEMA,Apr 2025,,SID: 0009284968
IS-00906: Workplace Security Awareness,,FEMA,Apr 2025,,SID: 0009284968
IS-00915: Protecting Critical Infrastructure Against Insider Threats,,FEMA,Apr 2025,,SID: 0009284968
Networking Devices and Initial Configuration,https://www.credly.com/badges/a70f1c3f-fb28-4622-bef6-bdafaea54109/linked_in_profile,Cisco,Jun 2025,,
English for IT 2,https://www.credly.com/badges/76214c56-9843-437f-a7d0-10627168338d/linked_in_profile,Cisco,May 2025,,
English for IT 1,https://www.credly.com/badges/a1a11c98-d3c6-48b3-90bc-27030543cf05/linked_in_profile,Cisco,May 2025,,
Cyber Threat Management,https://www.credly.com/badges/6557dedf-725f-4a51-a236-195706cde6cd/linked_in_profile,Cisco,May 2025,,
Network Defense,https://www.credly.com/badges/97a615bd-0046-4eee-9ee6-98719596f98a/linked_in_profile,Cisco,May 2025,,
Endpoint Security,https://www.credly.com/badges/f49f1b18-5ed6-48af-bc55-58558ed90f3c/linked_in_profile,Cisco,May 2025,,
Ethical Hacker,https://www.credly.com/badges/df36c674-8cb3-4f4e-99b5-4b9f0229919a/linked_in_profile,Cisco,May 2025,,
Networking Basics,https://www.credly.com/badges/32625e7f-b279-4f06-88d4-82bab263cb80/linked_in_profile,Cisco,May 2025,,
Introduction to Cybersecurity,https://www.credly.com/badges/0ac50b77-f7fd-4558-a443-131a662662ad/linked_in_profile,Cisco,May 2025,,
SkillsBuild - Customer Engagement: Problem Solving and Process Controls,https://www.credly.com/badges/5224c7c6-2d4e-4102-a2dc-336ad4525560/linked_in_profile,IBM,May 2025,,
Security Operations Center in Practice,https://www.credly.com/badges/ec05f6d4-e40f-411c-a1d6-be846852c59a/linked_in_profile,IBM,May 2025,,
Getting Started with Threat Intelligence and Hunting,https://www.credly.com/badges/b886fa27-b019-46aa-b43a-ce199c70e831/linked_in_profile,IBM,May 2025,,
Enterprise Security in Practice,https://www.credly.com/badges/d4064e3d-4c09-4b5e-bb72-a675dd4b3709/linked_in_profile,IBM,May 2025,,
Getting Started with Cybersecurity,https://www.credly.com/badges/48fa938e-4a51-4d40-baa3-859ae6a8e0ec/linked_in_profile,IBM,May 2025,,
Enterprise Design Thinking Co-Creator,https://www.credly.com/badges/ea94dd17-4302-4686-b432-9610bc17dbdc/linked_in_profile,IBM,May 2025,,
Enterprise Design Thinking Practitioner,https://www.credly.com/badges/d8fc8d9a-f0b9-41fb-bc5c-96d728a89d9b/linked_in_profile,IBM,May 2025,,
Data Fundamentals,https://www.credly.com/badges/bd5c2999-ce57-467b-a337-a3108ce97239/linked_in_profile,IBM,May 2025,,
SkillsBuild - Customer Engagement: Communication and Personality Dynamics,https://www.credly.com/badges/c10a468d-45a8-4b55-9780-9aabbd1e062f/linked_in_profile,IBM,May 2025,,
Information Technology Fundamentals,https://www.credly.com/badges/e1213d00-fcb7-44f3-bac3-41538bb85a38/linked_in_profile,IBM,May 2025,,
Cybersecurity Fundamentals,https://www.credly.com/badges/af404a65-65d1-47c2-9e97-bcef684ea685/linked_in_profile,IBM,May 2025,,
Customer Engagement Fundamentals,https://www.credly.com/badges/113a5c0f-1b82-4ba8-a594-2d8749841a1a/linked_in_profile,IBM,May 2025,,
A Practical Introduction to Cloud Computing,,EC-Council,May 2025,,411406
Android Bug Bounty Hunting: Hunt Like a Rat,,EC-Council,May 2025,,411416
Cybersecurity for Businesses - The Fundamental Edition,,EC-Council,May 2025,,411410
English for Career Development,https://www.coursera.org/account/accomplishments/records/LOK3REKDHZTP,University of Pennsylvania,May 2025,,LOK3REKDHZTP
Cryptography,https://www.coursera.org/account/accomplishments/records/GEY6FGDWL4WX,University of Maryland,May 2025,,GEY6FGDWL4WX
"Microsoft Security, Compliance, and Identity Fundamentals: Describe the capabilities of Microsoft Priva and Microsoft Purview",https://learn.microsoft.com/api/achievements/share/en-us/Mike-Edward-Moras/2DTXBBAV?sharingId=D0A837AA2B2A29D0,Microsoft,May 2025,,
MS-900 Introduction to Microsoft 365: Describe Microsoft 365 security and compliance capabilities,https://learn.microsoft.com/api/achievements/share/en-us/Mike-Edward-Moras/NVQ92XMF?sharingId=D0A837AA2B2A29D0,Microsoft,May 2025,,
"Microsoft Security, Compliance, and Identity Fundamentals: Describe the capabilities of Microsoft security solutions",https://learn.microsoft.com/api/achievements/share/en-us/Mike-Edward-Moras/UR75YHY3?sharingId=D0A837AA2B2A29D0,Microsoft,May 2025,,
SC-200: Create detections and perform investigations using Microsoft Sentinel,https://learn.microsoft.com/api/achievements/share/en-us/Mike-Edward-Moras/H72LPEK8?sharingId=D0A837AA2B2A29D0,Microsoft,May 2025,,
SC-200: Connect logs to Microsoft Sentinel,https://learn.microsoft.com/api/achievements/share/en-us/Mike-Edward-Moras/NVQCKVDF?sharingId=D0A837AA2B2A29D0,Microsoft,May 2025,,
SC-200: Perform threat hunting in Microsoft Sentinel,https://learn.microsoft.com/api/achievements/share/en-us/Mike-Edward-Moras/CXRJ77H9?sharingId=D0A837AA2B2A29D0,Microsoft,May 2025,,
SC-200: Configure your Microsoft Sentinel environment,https://learn.microsoft.com/api/achievements/share/en-us/Mike-Edward-Moras/D93MC52J?sharingId=D0A837AA2B2A29D0,Microsoft,May 2025,,
SC-200: Create queries for Microsoft Sentinel using Kusto Query Language (KQL),https://learn.microsoft.com/api/achievements/share/en-us/Mike-Edward-Moras/JUHQC5ST?sharingId=D0A837AA2B2A29D0,Microsoft,May 2025,,
SC-200: Mitigate threats using Microsoft Defender for Cloud,https://learn.microsoft.com/api/achievements/share/en-us/Mike-Edward-Moras/FMECNDSX?sharingId=D0A837AA2B2A29D0,Microsoft,May 2025,,
SC-200: Mitigate threats using Microsoft Purview,https://learn.microsoft.com/api/achievements/share/en-us/Mike-Edward-Moras/QSLYRQWE?sharingId=D0A837AA2B2A29D0,Microsoft,May 2025,,
SC-200: Mitigate threats using Microsoft Security Copilot,https://learn.microsoft.com/api/achievements/share/en-us/Mike-Edward-Moras/W2MGSMDN?sharingId=D0A837AA2B2A29D0,Microsoft,May 2025,,
Enhance security operations by using Microsoft Security Copilot,https://learn.microsoft.com/api/achievements/share/en-us/Mike-Edward-Moras/D93V73FJ?sharingId=D0A837AA2B2A29D0,Microsoft,May 2025,,
Learn how Microsoft supports using multifactor authentication as part of a cybersecurity solution,https://learn.microsoft.com/api/achievements/share/en-us/Mike-Edward-Moras/XQEQLCLY?sharingId=D0A837AA2B2A29D0,Microsoft,May 2025,,
MD-102 Explore endpoint management,https://learn.microsoft.com/api/achievements/share/en-us/Mike-Edward-Moras/E5L5WGVP?sharingId=D0A837AA2B2A29D0,Microsoft,May 2025,,
SC-200: Mitigate threats using Microsoft Defender XDR,https://learn.microsoft.com/api/achievements/share/en-us/Mike-Edward-Moras/9YRYPX2U?sharingId=D0A837AA2B2A29D0,Microsoft,May 2025,,
Defend against threats with Microsoft 365,https://learn.microsoft.com/api/achievements/share/en-us/Mike-Edward-Moras/JU3UAGUT?sharingId=D0A837AA2B2A29D0,Microsoft,May 2025,,
SC-300: Implement an identity management solution,https://learn.microsoft.com/api/achievements/share/en-us/Mike-Edward-Moras/2DJDUMRV?sharingId=D0A837AA2B2A29D0,Microsoft,May 2025,,
Manage identity and access in Microsoft Entra ID,https://learn.microsoft.com/api/achievements/share/en-us/Mike-Edward-Moras/URARPRB3?sharingId=D0A837AA2B2A29D0,Microsoft,May 2025,,
SC-200: Mitigate threats using Microsoft Defender for Endpoint,https://learn.microsoft.com/api/achievements/share/en-us/Mike-Edward-Moras/JU3CJMWT?sharingId=D0A837AA2B2A29D0,Microsoft,May 2025,,
"Microsoft Security, Compliance, and Identity Fundamentals: Describe the capabilities of Microsoft Entra",https://learn.microsoft.com/api/achievements/share/en-us/Mike-Edward-Moras/K6CLWTEB?sharingId=D0A837AA2B2A29D0,Microsoft,May 2025,,
Defend against cyberthreats with Microsoft Defender XDR,https://learn.microsoft.com/api/achievements/share/en-us/Mike-Edward-Moras/URAXL9G3?sharingId=D0A837AA2B2A29D0,Microsoft,May 2025,,
Enhance endpoint security with Microsoft Intune and Microsoft Copilot for Security,https://learn.microsoft.com/api/achievements/share/en-us/Mike-Edward-Moras/A4KEGXM7?sharingId=D0A837AA2B2A29D0,Microsoft,May 2025,,
MS-900 Introduction to Microsoft 365: Describe Microsoft 365 apps and services,https://learn.microsoft.com/api/achievements/share/en-us/Mike-Edward-Moras/3A7YVN4H?sharingId=D0A837AA2B2A29D0,Microsoft,May 2025,,
"Microsoft Security, Compliance, and Identity Fundamentals: Describe the concepts of security, compliance, and identity",https://learn.microsoft.com/api/achievements/share/en-us/Mike-Edward-Moras/NVM79ABF?sharingId=D0A837AA2B2A29D0,Microsoft,May 2025,,
Examine ransomware and extortion-based threats,https://learn.microsoft.com/api/achievements/share/en-us/Mike-Edward-Moras/BCX5MEVD?sharingId=D0A837AA2B2A29D0,Microsoft,Jun 2025,,
Implement API Management,https://learn.microsoft.com/api/achievements/share/en-us/Mike-Edward-Moras/3A4F6C4H?sharingId=D0A837AA2B2A29D0,Microsoft,Jun 2025,,
Create serverless applications,https://learn.microsoft.com/api/achievements/share/en-us/Mike-Edward-Moras/H7KYFC48?sharingId=D0A837AA2B2A29D0,Microsoft,Jun 2025,,
Architect API integration in Azure,https://learn.microsoft.com/api/achievements/share/en-us/Mike-Edward-Moras/YE5VVKPR?sharingId=D0A837AA2B2A29D0,Microsoft,Jun 2025,,
Implement Microsoft Purview Information Protection,https://learn.microsoft.com/api/achievements/share/en-us/Mike-Edward-Moras/JUR6WMVT?sharingId=D0A837AA2B2A29D0,Microsoft,Jun 2025,,
SC-400: Implement Information Protection in Microsoft 365,https://learn.microsoft.com/api/achievements/share/en-us/Mike-Edward-Moras/9YENZJTU?sharingId=D0A837AA2B2A29D0,Microsoft,Jun 2025,,
Implement and manage Microsoft Purview Data Loss Prevention,https://learn.microsoft.com/api/achievements/share/en-us/Mike-Edward-Moras/8ZBRBCHW?sharingId=D0A837AA2B2A29D0,Microsoft,Jun 2025,,
SC-400: Implement Data Loss Prevention,https://learn.microsoft.com/api/achievements/share/en-us/Mike-Edward-Moras/3A4XBYFH?sharingId=D0A837AA2B2A29D0,Microsoft,Jun 2025,,
Manage information protection and governance,https://learn.microsoft.com/api/achievements/share/en-us/Mike-Edward-Moras/K6F523YB?sharingId=D0A837AA2B2A29D0,Microsoft,Jun 2025,,
SC-400: Implement Data Lifecycle and Records Management,https://learn.microsoft.com/api/achievements/share/en-us/Mike-Edward-Moras/VJUKXL3M?sharingId=D0A837AA2B2A29D0,Microsoft,Jun 2025,,
"Introduction to Dark Web, Anonymity, and Cryptocurrency",,EC-Council,May 2025,,411879
MS-101 Manage content search and investigations in Microsoft 365,https://learn.microsoft.com/api/achievements/share/en-us/Mike-Edward-Moras/7K6KBSSZ?sharingId=D0A837AA2B2A29D0,Microsoft,Jun 2025,,
SC-400: Monitor and investigate data and activities by using Microsoft Purview,https://learn.microsoft.com/api/achievements/share/en-us/Mike-Edward-Moras/PLWL62B4?sharingId=D0A837AA2B2A29D0,Microsoft,Jun 2025,,
Govern and protect sensitive information in the age of AI,https://learn.microsoft.com/api/achievements/share/en-us/Mike-Edward-Moras/H7K7EHM8?sharingId=D0A837AA2B2A29D0,Microsoft,Jun 2025,,
Audit and search activity in Microsoft Purview,https://learn.microsoft.com/api/achievements/share/en-us/Mike-Edward-Moras/A4G4LBT7?sharingId=D0A837AA2B2A29D0,Microsoft,Jun 2025,,
"Learn how Microsoft supports data discovery, classification, and protection as part of a cybersecurity solution",https://learn.microsoft.com/api/achievements/share/en-us/Mike-Edward-Moras/K6F6RTFB?sharingId=D0A837AA2B2A29D0,Microsoft,Jun 2025,,
AI Center of Excellence,https://learn.microsoft.com/api/achievements/share/en-us/Mike-Edward-Moras/QSHSFWNE?sharingId=D0A837AA2B2A29D0,Microsoft,Jun 2025,,
MS-102 Implement compliance in Microsoft 365,https://learn.microsoft.com/api/achievements/share/en-us/Mike-Edward-Moras/H7K7LTA8?sharingId=D0A837AA2B2A29D0,Microsoft,Jun 2025,,
Artificial Intelligence Fundamentals,https://www.credly.com/badges/7f72399e-3539-4a86-8a96-cdc8a6925195/linked_in_profile,IBM,Jun 2025,,
Fundamentals of digital marketing,https://skillshop.exceedlms.com/student/award/ce1yQosX4B8CiREp7Ng7a7o7,Google,Jun 2025,,
Engaging Stakeholders for Success,https://www.credly.com/badges/754899a5-3c4d-41b3-932c-c92fe822fddc/,Cisco,Jun 2025,,
Junior Cybersecurity Analyst Career Path,https://www.credly.com/badges/fddc50a4-c9b9-49d9-83d1-ee2ad183229c/,Cisco,Jun 2025,,
Business Analysis & Process Management,https://coursera.org/verify/YUPTDHGTVD5B,Coursera,Jun 2025,,
Introduction to CRM with HubSpot,https://coursera.org/verify/Y0EZV6L0DLLU,Coursera,Jun 2025,,
Digital Safety and Security Awareness,https://www.credly.com/badges/b37a3023-525b-43a7-9182-8e3e88fe0edd/,Cisco,Jun 2025,,
Project Management Fundamentals I,https://www.credly.com/badges/02c618d8-4b0e-408d-b260-650ca1d91943/,IBM,Jun 2025,,
Fundamentals of Sustainability and Technology,https://www.credly.com/badges/88a6ff0c-9b3e-4f14-8fef-5d5acfe7f33a/,IBM,Jun 2025,,
Network Support and Security,https://www.credly.com/badges/5a501780-f2ee-4797-b378-28d36dd8cc7f/,Cisco,Jun 2025,,
Conversion Optimisation Certification,https://skillshop.credential.net/6c0dfd0c-4ca0-4623-9a00-4606a6c206a3#acc.KfIqdnu1,Google,Jun 2025,Jun 2026,
AWS Foundations: Getting Started with the AWS Cloud Essentials,,Amazon Web Services (AWS),Jun 2025,,
AWS Identity and Access Management - Identity Center Getting Started,,Amazon Web Services (AWS),Jun 2025,,
AWS Security Incident Response  - Ransomware Use Case,,Amazon Web Services (AWS),Jun 2025,,
AWS Cloud Practitioner Essentials,,Amazon Web Services (AWS),Jun 2025,,
Project Management Fundamentals II,https://www.credly.com/badges/7e26cfa6-6d78-44a2-94e8-3ced5a99de3b/,IBM,Jun 2025,,
Working in a Digital World: Professional Skills,https://www.credly.com/badges/a65ba908-c89e-47a6-807c-577e32ac6bf7/,IBM,Jun 2025,,
Big Data 101,https://courses.skillsbuild.skillsnetwork.site/certificates/3b3ec5e26568455286bc245b7cb3c1db,IBM,Jul 2025,,
IBM Hadoop Foundations - Level 1,https://www.credly.com/badges/8bd50603-7a27-4854-8b0c-2ef4db34e820/,IBM,Jul 2025,,
IBM Blockchain Foundation Developer,https://courses.skillsbuild.skillsnetwork.site/certificates/c741d266d5f348f49bfbd5e48ffa8595,IBM,Jul 2025,,
Improve Customer Support with AI-powered Voice Services,https://courses.skillsbuild.skillsnetwork.site/certificates/0b56117d9a584e08b1c0be2454e7d39d,IBM,Jul 2025,,
Mathematical Optimization for Business Problems,https://courses.skillsbuild.skillsnetwork.site/certificates/4765cd824c33417297942ca1233fb786,IBM,Jul 2025,,
Enterprise Design Thinking - Team Essentials for AI,https://www.credly.com/badges/83e0940c-b158-4b58-94fc-cedf19f23d57/linked_in_profile,IBM,Jul 2025,,
Quantum Enigmas,https://www.credly.com/badges/1d7ac237-8d4a-44f9-8fd4-524de4134fea/linked_in_profile,IBM,Jul 2025,,
Grow Offline Sales Certification,https://skillshop.credential.net/abd97dcd-a8c7-418d-8427-26d7d4660bdb,Google,Jul 2025,Jul 2026,155201254
IS-00005.a: An Introduction to Hazardous Materials,,FEMA,Jul 2025,,SID: 0009284968
IS-00010.a: Animals in Disasters: Awareness and Preparedness,,FEMA,Jul 2025,,SID: 0009284968
IS-00011.a: Animals in Disasters: Community Planning,,FEMA,Jul 2025,,SID: 0009284968
IS-00013: NDEMU Conduct and Behavior,,FEMA,Jul 2025,,SID: 0009284968
IS-00015.b: Special Events Contingency Planning for Public Safety Agencies,,FEMA,Jul 2025,,SID: 0009284968
IS-00026: Guide to Points of Distribution,,FEMA,Jul 2025,,SID: 0009284968
IS-00027: Orientation to FEMA Logistics,,FEMA,Jul 2025,,SID: 0009284968
IS-00029.a: Public Information Officer Awareness,,FEMA,Jul 2025,,SID: 0009284968
IS-00035.25: FEMA Safety Orientation 2025,,FEMA,Jul 2025,,SID: 0009284968
IS-00036.a: Preparedness for Child Care Providers,,FEMA,Jul 2025,,SID: 0009284968
ISO/IEC 27001 Information Security Associate™,https://www.skillfront.com/Badges/49914240643760,SkillFront,Jul 2025,,
ISO/IEC 20000 IT Service Management Associate™,https://www.skillfront.com/Badges/08491684097129,SkillFront,Jul 2025,,
ISO 9001 Quality Management Systems Associate™,https://www.skillfront.com/Badges/01274689849739,SkillFront,Jul 2025,,
"Ethical Hacking: Mobile Platform, IoT, and OT Hacking",https://app.cybrary.it/profile/mike-edward-moras?tab=cert-completion&cert=CC-fbf1aeda-76a7-4b3d-923d-acba2496bcaa,Cybrary,Jul 2025,,CC-fbf1aeda-76a7-4b3d-923d-acba2496bcaa
Digital Forensics Basics,https://app.cybrary.it/profile/mike-edward-moras?tab=cert-completion&cert=CC-b36eafc8-76a2-4cde-8c5b-9d454e140711,Cybrary,Jul 2025,,CC-b36eafc8-76a2-4cde-8c5b-9d454e140711
Network Addressing and Basic Troubleshooting,https://www.credly.com/badges/17b06af8-ead4-4557-b95e-9a93f06f43c1/linked_in_profile,Cisco,Jul 2025,,
Network Technician Career Path,https://www.credly.com/badges/e3e0518a-152c-461d-b167-b8b38b80e1d5/linked_in_profile,Cisco,Jul 2025,,
IS-00037.25: Managerial Safety and Health 2025,,FEMA,Jul 2025,Jul 2027,SID: 0009284968
Embrace responsible AI principles and practices,https://learn.microsoft.com/api/achievements/share/en-us/Mike-Edward-Moras/BC2CBY6D?sharingId=D0A837AA2B2A29D0,Microsoft,Jul 2025,,
Leverage AI tools and resources for your business,https://learn.microsoft.com/api/achievements/share/en-us/Mike-Edward-Moras/URTAH5N3?sharingId=D0A837AA2B2A29D0,Microsoft,Jul 2025,,
Create business value from AI,https://learn.microsoft.com/api/achievements/share/en-us/Mike-Edward-Moras/XQ9EAZ2Y?sharingId=D0A837AA2B2A29D0,Microsoft,Jul 2025,,
Defensive Security and Cyber Risk,,Cybrary,Jul 2025,,Certificate ID: CC-7bfad47d-0678-43fc-bda9-e172f1d53c22
Overview of Data Visualization,https://www.coursera.org/account/accomplishments/records/59XTMZ6VAP0N,Coursera,Jul 2025,,59XTMZ6VAP0N
Introduction to Business Analysis Using Spreadsheets,https://www.coursera.org/account/accomplishments/records/MUIJCEJ6PDOP,Coursera,Jul 2025,,MUIJCEJ6PDOP
Project Management: Creating the WBS,https://www.coursera.org/account/accomplishments/records/EZ4QR3OR5IBG,Coursera,Jul 2025,,EZ4QR3OR5IBG
Get Started with HubSpot,https://www.coursera.org/account/accomplishments/records/N1V0GNYFFMSR,Coursera,Jul 2025,,N1V0GNYFFMSR
Discover data analysis,https://learn.microsoft.com/api/achievements/share/en-us/Mike-Edward-Moras/8ZLSR99W?sharingId=D0A837AA2B2A29D0,Microsoft,Aug 2025,,
Examine threat vectors and data breaches,https://learn.microsoft.com/api/achievements/share/en-us/Mike-Edward-Moras/8ZLLA6CW?sharingId=D0A837AA2B2A29D0,Microsoft,Aug 2025,,
Explore the Zero Trust security model,https://learn.microsoft.com/api/achievements/share/en-us/Mike-Edward-Moras/NV66E6PF?sharingId=D0A837AA2B2A29D0,Microsoft,Aug 2025,,
Manage secure user access in Microsoft 365,https://learn.microsoft.com/api/achievements/share/en-us/Mike-Edward-Moras/URTT2RL3?sharingId=D0A837AA2B2A29D0,Microsoft,Aug 2025,,
Explore security solutions in Microsoft Defender XDR,https://learn.microsoft.com/api/achievements/share/en-us/Mike-Edward-Moras/E5RR9ERP?sharingId=D0A837AA2B2A29D0,Microsoft,Aug 2025,,
Examine Microsoft Secure Score,https://learn.microsoft.com/api/achievements/share/en-us/Mike-Edward-Moras/D9VVFH9J?sharingId=D0A837AA2B2A29D0,Microsoft,Aug 2025,,
Examine Privileged Identity Management in Microsoft Entra ID,https://learn.microsoft.com/api/achievements/share/en-us/Mike-Edward-Moras/8ZLLUXZW?sharingId=D0A837AA2B2A29D0,Microsoft,Aug 2025,,
Examine Microsoft Entra ID Protection,https://learn.microsoft.com/api/achievements/share/en-us/Mike-Edward-Moras/2DNNACMV?sharingId=D0A837AA2B2A29D0,Microsoft,Aug 2025,,
Implement data classification of sensitive information,https://learn.microsoft.com/api/achievements/share/en-us/Mike-Edward-Moras/A4HHYBK7?sharingId=D0A837AA2B2A29D0,Microsoft,Aug 2025,,
AIQI ISO/IEC 42001,https://training-academy.ukas.com/lmt/clmsbadges.pView?bdg=3b779ce9-9c98-5bb6-e063-6f8d460a7073,UKAS,Aug 2025,,
Manage identity and access in Microsoft 365,https://learn.microsoft.com/api/achievements/share/en-us/Mike-Edward-Moras/YEUUNSZR?sharingId=D0A837AA2B2A29D0,Microsoft,Aug 2025,,
Build a computer vision app with Azure Cognitive Services,https://www.coursera.org/account/accomplishments/records/0SVBT06QEHNW,Coursera,Aug 2025,,0SVBT06QEHNW
Investment Risk Management,https://www.coursera.org/account/accomplishments/records/7NTJKUM5QHIF,Coursera,Aug 2025,,7NTJKUM5QHIF
Machine Learning Pipelines with Azure ML Studio,https://www.coursera.org/account/accomplishments/records/XG1QAM8XRRPZ,Coursera,Aug 2025,,XG1QAM8XRRPZ
Programming 100: Fundamentals,,TCM Security,Aug 2025,,cert_gr4l7vq2
Practical Security Fundamentals,,TCM Security,Aug 2025,,cert_pd5g9cgs
Manage security controls for identity and access,https://learn.microsoft.com/api/achievements/share/en-us/Mike-Edward-Moras/4GZH72GK?sharingId=D0A837AA2B2A29D0,Microsoft,Aug 2025,,
Manage Microsoft Entra application access,https://learn.microsoft.com/api/achievements/share/en-us/Mike-Edward-Moras/H7LEGP48?sharingId=D0A837AA2B2A29D0,Microsoft,Aug 2025,,
AZ-500: Secure identity and access,https://learn.microsoft.com/api/achievements/share/en-us/Mike-Edward-Moras/E5AU738P?sharingId=D0A837AA2B2A29D0,Microsoft,Aug 2025,,
Scrum Certification + Scrum Master + Agile Scrum Training,,EC-Council,Aug 2025,,427320
Foundations Of Business And Entrepreneurship,https://www.skillfront.com/Badges/16342836487062,SkillFront,Aug 2025,,
Cash Flow,https://www.life-global.org/certificate/42f06913-47b2-4b73-a7cc-4d2cfa28ed11,HP LIFE,Sep 2025,,
Basics of Finance,https://www.life-global.org/certificate/4899d049-fb1b-4e78-bac2-d85fe85a91a9,HP LIFE,Sep 2025,,
Profit and Loss,https://www.life-global.org/certificate/61228d91-d425-4030-870f-4e539b34fcb6,HP LIFE,Sep 2025,,
Customer Experience (CX) for Business Success,https://www.life-global.org/certificate/bde8c356-3f28-4cc0-9959-efc4b2e51b6d,HP LIFE,Sep 2025,,
Technology Entrepreneurship,https://cursa.app/en/my-certificate/cert23db2118a2c2fc5a2c39d7e0560f3c97,Cursa - Free online courses with Certificate,Sep 2025,,23db2118a2c2fc5a2c39d7e0560f3c97
Unique Value Proposition,https://www.life-global.org/certificate/ae1e5db3-71ce-4378-9965-81f9ad04f56f,HP LIFE,Sep 2025,,
Effective Communication Skills for Online Customer Service,https://cursa.app/en/my-certificate/certebcc66af0b8dc27b953ab5cf7fe58d0d,Cursa - Free online courses with Certificate,Sep 2025,,ebcc66af0b8dc27b953ab5cf7fe58d0d
Business Communications,https://www.life-global.org/certificate/92cc11df-9583-4eee-a4b0-5e317d4b50d0,HP LIFE,Sep 2025,,
Customer Service Techniques for Bank Tellers and Cashiers,https://cursa.app/en/my-certificate/cert09b13e429499000fe44071ff9c9e68d0,Cursa - Free online courses with Certificate,Sep 2025,,09b13e429499000fe44071ff9c9e68d0
MIT Finance course,https://cursa.app/en/my-certificate/cert22c7eda98665da1d6b0a4b076e80d0eb,Cursa - Free online courses with Certificate,Sep 2025,,22c7eda98665da1d6b0a4b076e80d0eb
Build a Budget and Analyze Variance using Google Sheets,https://www.coursera.org/account/accomplishments/records/R0158EOM0GL4,Coursera,Sep 2025,,R0158EOM0GL4
Collaborating with G Suite Apps,https://www.coursera.org/account/accomplishments/records/GNSA2V0XVUDO,Coursera,Sep 2025,,GNSA2V0XVUDO
Create a Project Charter with Google Docs,https://www.coursera.org/account/accomplishments/records/HJ7XKUX03HEZ,Coursera,Sep 2025,,HJ7XKUX03HEZ
Create Customer Support Data with Google Sheets,https://coursera.org/verify/7653HP48IF9W,Coursera,Sep 2025,,7653HP48IF9W
Create a Simple Project Timeline in Google Sheets,https://www.coursera.org/account/accomplishments/records/IVPE3ZPEXWJD,Coursera,Sep 2025,,IVPE3ZPEXWJD
Effective Leadership,https://www.life-global.org/certificate/a5ff1d24-ce65-4966-953f-2aa07067c419,HP LIFE,Sep 2025,,
Customer Relationship Management,https://www.life-global.org/certificate/a1b2f503-b2a1-4a55-a188-31f538a12d9d,HP LIFE,Sep 2025,,
Complete Guide to Banking Skills,https://cursa.app/en/my-certificate/certcf8d6ec01093d3e746711e3df033dcb3,Cursa - Free online courses with Certificate,Sep 2025,,cf8d6ec01093d3e746711e3df033dcb3
"Main concepts of Pedagogy, how to be a successful teacher",https://cursa.app/en/my-certificate/certd5be0e379833c8e34da04186e14bd500,Cursa - Free online courses with Certificate,Sep 2025,,d5be0e379833c8e34da04186e14bd500
Build a mobile app with Google Sheets on Glide and no coding,https://www.coursera.org/account/accomplishments/records/NSKW1D9JDEFN,Coursera,Sep 2025,,NSKW1D9JDEFN
Presenting Data,https://www.life-global.org/certificate/edb97d9a-315d-48d7-84c7-2b6cf2d3ed53,HP LIFE,Sep 2025,,
Effective Presentations,https://www.life-global.org/certificate/7ee9c864-0974-4b79-8676-29809b717a8d,HP LIFE,Sep 2025,,
Circular Economy,https://www.life-global.org/certificate/f13e378b-08a6-4ed3-86f4-675cc3febf65,HP LIFE,Sep 2025,,
AI for Business Professionals,https://www.life-global.org/certificate/f5c6e994-38d5-46d9-b3a0-171afcb1556a,HP LIFE,Sep 2025,,
IT for Business Success,https://www.life-global.org/certificate/4532c09f-8b83-4cdf-84cc-c182961c7a41,HP LIFE,Sep 2025,,
Strategic Planning,https://www.life-global.org/certificate/583c24e6-8efa-4329-b5a3-3762cae3fbdb,HP LIFE,Sep 2025,,
Sales Forecasting,https://www.life-global.org/certificate/557eaaff-ce0d-44e3-8f57-f6e028c7450b,HP LIFE,Sep 2025,,
Corporate Finance MBA Class,https://cursa.app/en/my-certificate/certeb5cd75ae8a45831b7f538b17138da49,Cursa - Free online courses with Certificate,Sep 2025,,eb5cd75ae8a45831b7f538b17138da49
Corporate Finance Second Edition,https://cursa.app/en/my-certificate/certb285ab2d7ed59295e3073e8917a9b73e,Cursa - Free online courses with Certificate,Sep 2025,,b285ab2d7ed59295e3073e8917a9b73e
Google Docs,https://www.cloudskillsboost.google/public_profiles/d4b002c2-d5e2-49b6-accb-698ffd7cba04/badges/16013183?utm_medium=social&utm_source=linkedin&utm_campaign=ql-social-share,Google,May 2025,,16013183
Introduction to Generative AI,https://www.cloudskillsboost.google/public_profiles/d4b002c2-d5e2-49b6-accb-698ffd7cba04/badges/16555288?utm_medium=social&utm_source=linkedin&utm_campaign=ql-social-share,Google,Jun 2025,,16555288
Handle Consumer Interactions with CCAIP,https://www.cloudskillsboost.google/public_profiles/d4b002c2-d5e2-49b6-accb-698ffd7cba04/badges/18349379?utm_medium=social&utm_source=linkedin&utm_campaign=ql-social-share,Google,Sep 2025,,18349379
Manage Functions and Reporting with CCAIP,https://www.cloudskillsboost.google/public_profiles/d4b002c2-d5e2-49b6-accb-698ffd7cba04/badges/18350122?utm_medium=social&utm_source=linkedin&utm_campaign=ql-social-share,Google,Sep 2025,,18350122
AI Boost Bites: Gemini Gems – Your ultimate marketing sidekick,https://www.cloudskillsboost.google/public_profiles/d4b002c2-d5e2-49b6-accb-698ffd7cba04/badges/18368346?utm_medium=social&utm_source=linkedin&utm_campaign=ql-social-share,Google,Sep 2025,,18368346
AI Boost Bites: Customer insights with NotebookLM,https://www.cloudskillsboost.google/public_profiles/d4b002c2-d5e2-49b6-accb-698ffd7cba04/badges/18368396?utm_medium=social&utm_source=linkedin&utm_campaign=ql-social-share,Google,Sep 2025,,18368396
AI Boost Bites: Content Generation with Gemini Made Easy,https://www.cloudskillsboost.google/public_profiles/d4b002c2-d5e2-49b6-accb-698ffd7cba04/badges/18368466?utm_medium=social&utm_source=linkedin&utm_campaign=ql-social-share,Google,Sep 2025,,18368466
AI Boost Bites: Prompting like a Pro with Google Workspace,https://www.cloudskillsboost.google/public_profiles/d4b002c2-d5e2-49b6-accb-698ffd7cba04/badges/18368466?utm_medium=social&utm_source=linkedin&utm_campaign=ql-social-share,Google,Sep 2025,,18368466
AI Boost Bites: TL;DR with Gemini in Docs & Drive,https://www.cloudskillsboost.google/public_profiles/d4b002c2-d5e2-49b6-accb-698ffd7cba04/badges/18368486?utm_medium=social&utm_source=linkedin&utm_campaign=ql-social-share,Google,Sep 2025,,18368486
AI Boost Bites: Personalization with customized prompts,https://www.cloudskillsboost.google/public_profiles/d4b002c2-d5e2-49b6-accb-698ffd7cba04/badges/18368509?utm_medium=social&utm_source=linkedin&utm_campaign=ql-social-share,Google,Sep 2025,,18368509
AI Boost Bites: NotebookLM for Competitive Edge,https://www.cloudskillsboost.google/public_profiles/d4b002c2-d5e2-49b6-accb-698ffd7cba04/badges/18368523?utm_medium=social&utm_source=linkedin&utm_campaign=ql-social-share,Google,Sep 2025,,18368523
AI Boost Bites: Poke Holes in Your Strategy,https://www.cloudskillsboost.google/public_profiles/d4b002c2-d5e2-49b6-accb-698ffd7cba04/badges/18368537?utm_medium=social&utm_source=linkedin&utm_campaign=ql-social-share,Google,Sep 2025,,18368537
AI Boost Bites: Gemini Image-to-Sheets Hack,https://www.cloudskillsboost.google/public_profiles/d4b002c2-d5e2-49b6-accb-698ffd7cba04/badges/18368558?utm_medium=social&utm_source=linkedin&utm_campaign=ql-social-share,Google,Sep 2025,,18368558
"AI Boost Bites: ""Eat the Frog"" with NotebookLM",https://www.cloudskillsboost.google/public_profiles/d4b002c2-d5e2-49b6-accb-698ffd7cba04/badges/18368574?utm_medium=social&utm_source=linkedin&utm_campaign=ql-social-share,Google,Sep 2025,,18368574
AI Boost Bites: Automate tasks with Gemini and Apps Script,https://www.cloudskillsboost.google/public_profiles/d4b002c2-d5e2-49b6-accb-698ffd7cba04/badges/18368612?utm_medium=social&utm_source=linkedin&utm_campaign=ql-social-share,Google,Sep 2025,,18368612
AI Boost Bites: Exec Summaries with Gemini Gems,https://www.cloudskillsboost.google/public_profiles/d4b002c2-d5e2-49b6-accb-698ffd7cba04/badges/18368634?utm_medium=social&utm_source=linkedin&utm_campaign=ql-social-share,Google,Sep 2025,,18368634
AI Boost Bites: Amplify Exec Voices with AI,https://www.cloudskillsboost.google/public_profiles/d4b002c2-d5e2-49b6-accb-698ffd7cba04/badges/18368654?utm_medium=social&utm_source=linkedin&utm_campaign=ql-social-share,Google,Sep 2025,,18368654
AI Boost Bites: Amplify Exec Voices with AI,https://www.cloudskillsboost.google/public_profiles/d4b002c2-d5e2-49b6-accb-698ffd7cba04/badges/18368654?utm_medium=social&utm_source=linkedin&utm_campaign=ql-social-share,Google,Sep 2025,,18368654
AI Boost Bites: No-Code Sheets & Scripts,https://www.cloudskillsboost.google/public_profiles/d4b002c2-d5e2-49b6-accb-698ffd7cba04/badges/18368675?utm_medium=social&utm_source=linkedin&utm_campaign=ql-social-share,Google,Sep 2025,,18368675
AI Boost Bites: Gemini Slide Summaries,https://www.cloudskillsboost.google/public_profiles/d4b002c2-d5e2-49b6-accb-698ffd7cba04/badges/18368705?utm_medium=social&utm_source=linkedin&utm_campaign=ql-social-share,Google,Sep 2025,,18368705
AI Boost Bites: Tame Your Inbox with AI,https://www.cloudskillsboost.google/public_profiles/d4b002c2-d5e2-49b6-accb-698ffd7cba04/badges/18368720?utm_medium=social&utm_source=linkedin&utm_campaign=ql-social-share,Google,Sep 2025,,18368720
AI Boost Bites: AI Power-Ups for Google Workspace,https://www.cloudskillsboost.google/public_profiles/d4b002c2-d5e2-49b6-accb-698ffd7cba04/badges/18368754?utm_medium=social&utm_source=linkedin&utm_campaign=ql-social-share,Google,Sep 2025,,18368754
AI Boost Bites: Create Docs in Seconds,https://www.cloudskillsboost.google/public_profiles/d4b002c2-d5e2-49b6-accb-698ffd7cba04/badges/18368771?utm_medium=social&utm_source=linkedin&utm_campaign=ql-social-share,Google,Sep 2025,,18368771
AI Boost Bites: Email Content Creation,https://www.cloudskillsboost.google/public_profiles/d4b002c2-d5e2-49b6-accb-698ffd7cba04/badges/18368803?utm_medium=social&utm_source=linkedin&utm_campaign=ql-social-share,Google,Sep 2025,,18368803
AI Boost Bites: Intro to NotebookLM,https://www.cloudskillsboost.google/public_profiles/d4b002c2-d5e2-49b6-accb-698ffd7cba04/badges/18368824?utm_medium=social&utm_source=linkedin&utm_campaign=ql-social-share,Google,Sep 2025,,18368824
AI Boost Bites: NotebookLM Mind Maps,https://www.cloudskillsboost.google/public_profiles/d4b002c2-d5e2-49b6-accb-698ffd7cba04/badges/18368840?utm_medium=social&utm_source=linkedin&utm_campaign=ql-social-share,Google,Sep 2025,,18368840
AI Boost Bites: Discover Sources in NotebookLM,https://www.cloudskillsboost.google/public_profiles/d4b002c2-d5e2-49b6-accb-698ffd7cba04/badges/18368859?utm_medium=social&utm_source=linkedin&utm_campaign=ql-social-share,Google,Sep 2025,,18368859
AI Boost Bites: NotebookLM Video Overviews,https://www.cloudskillsboost.google/public_profiles/d4b002c2-d5e2-49b6-accb-698ffd7cba04/badges/18368882?utm_medium=social&utm_source=linkedin&utm_campaign=ql-social-share,Google,Sep 2025,,18368882
AI Boost Bites: NotebookLM for Market Research,https://www.cloudskillsboost.google/public_profiles/d4b002c2-d5e2-49b6-accb-698ffd7cba04/badges/18368928?utm_medium=social&utm_source=linkedin&utm_campaign=ql-social-share,Google,Sep 2025,,18368928
AI Boost Bites: Project Notebooks,https://www.cloudskillsboost.google/public_profiles/d4b002c2-d5e2-49b6-accb-698ffd7cba04/badges/18368963?utm_medium=social&utm_source=linkedin&utm_campaign=ql-social-share,Google,Sep 2025,,18368963
Configure and Maintain CCAIP as an Admin,https://www.cloudskillsboost.google/public_profiles/d4b002c2-d5e2-49b6-accb-698ffd7cba04/badges/18371810?utm_medium=social&utm_source=linkedin&utm_campaign=ql-social-share,Google,Sep 2025,,18371810
AppSheet Team Hierarchy,https://www.cloudskillsboost.google/public_profiles/d4b002c2-d5e2-49b6-accb-698ffd7cba04/badges/18372242?utm_medium=social&utm_source=linkedin&utm_campaign=ql-social-share,Google,Sep 2025,,18372242
Leadership in Projects,https://cursa.app/en/my-certificate/certd71054db3577cf59867ee6985241b932,Cursa - Free online courses with Certificate,Sep 2025,,d71054db3577cf59867ee6985241b932
Business english course,https://cursa.app/en/my-certificate/certf9342b603c855bd010b07fb05090b508,Cursa - Free online courses with Certificate,Sep 2025,,f9342b603c855bd010b07fb05090b508
Salesforce admin training,https://cursa.app/en/my-certificate/certf352a362c65ab8bb2f398682566f6e55,Cursa - Free online courses with Certificate,Sep 2025,,f352a362c65ab8bb2f398682566f6e55
Khanmigo for educators,https://www.khanmigo.ai/teachers,Khan Academy,Sep 2025,,
Berater Service Banking,,apoDirect,Sep 2025,,
Google Workspace full course,https://cursa.app/en/my-certificate/cert0c8fd0f14cd78b61edac4c54c899da81,Cursa - Free online courses with Certificate,Sep 2025,,0c8fd0f14cd78b61edac4c54c899da81
Microsoft 365 Office complete,https://cursa.app/en/my-certificate/certa4b3c11221457a27278bb38f43243197,Cursa - Free online courses with Certificate,Sep 2025,,a4b3c11221457a27278bb38f43243197
My Commitment For Life & Business,https://www.skillfront.com/Badges/01718768211418,SkillFront,Oct 2025,,01718768211418
Business Email,https://www.life-global.org/certificate/485b2db1-6cc9-4470-b15d-4a4367ce1394,HP LIFE,Sep 2025,,
Business Email,https://www.life-global.org/certificate/485b2db1-6cc9-4470-b15d-4a4367ce1394,HP LIFE,Oct 2025,,
Communication Clarity,https://www.life-global.org/en/badges/60a58258-f4e9-42f3-af13-ae339572b42d,HP LIFE,Oct 2025,,
HP LIFE Ambassador,https://www.life-global.org/en/badges/d455d0f0-2ff7-472a-b693-e48a244a2aff,HP LIFE,Sep 2025,,
Professional Networking for Career Growth,https://www.life-global.org/certificate/18b7303d-132b-4d6e-9043-e0fbedd49ddc,HP LIFE,Oct 2025,,
Success Mindset,https://www.life-global.org/certificate/5812ef1d-7a69-4602-ad6d-aaf810f99cce,HP LIFE,Oct 2025,,
Finding Funding,https://www.life-global.org/certificate/bae16076-b1f5-4cac-9f13-427a5e4ad47f,HP LIFE,Oct 2025,,
Finance Focus,https://www.life-global.org/en/badges/52c8c57c-5889-4799-a38d-90cbd48c634b,HP LIFE,Oct 2025,,
Inventory Management,https://www.life-global.org/certificate/71093d59-41ab-4974-a4bf-e9d92d680359,HP LIFE,Oct 2025,,
Operational Aspects,https://www.life-global.org/en/badges/88a0e684-aba0-41b7-b2d4-10d7cdb9ef27,HP LIFE,Oct 2025,,
AI for Beginners,https://www.life-global.org/certificate/df4d6175-b9f7-49d5-beaf-699f38d2a935,HP LIFE,Oct 2025,,
Agile Project Management,https://www.life-global.org/certificate/57371755-db8d-4933-9d1d-5cdc86d39b6a,HP LIFE,Oct 2025,,
Data Science & Analytics,https://www.life-global.org/certificate/06ab49fb-85f4-40cd-8e9d-c248d96e3b25,HP LIFE,Oct 2025,,
Introduction to Digital Business Skills,https://www.life-global.org/certificate/49f71073-feb5-4d04-8408-a79f97ced7a7,HP LIFE,Oct 2025,,
Resume Writing and Job Interviewing,https://www.life-global.org/certificate/cea44226-c76c-4502-9b07-379bd3674f86,HP LIFE,Oct 2025,,
Career Explorer,https://www.life-global.org/en/badges/718d82ea-5929-4b6c-8a28-b30a4e306c76,HP LIFE,Oct 2025,,
Social Media Marketing,https://www.life-global.org/certificate/cbab5591-480c-42a8-bf45-e7db85a03fe4,HP LIFE,Oct 2025,,
Design Thinking,https://www.life-global.org/certificate/4028321a-08b3-4179-990a-48a8cf9e00f0,HP LIFE,Oct 2025,,
Starting a Small Business,https://www.life-global.org/certificate/5ae71889-f0bf-4a05-b334-c4e7724e6f9b,HP LIFE,Oct 2025,,
AI and Career Empowerment,,University of Maryland,Oct 2025,,
"Finding, Sorting, & Filtering Data in Microsoft Excel",https://www.coursera.org/account/accomplishments/records/60I73QTBQHF6,Coursera,Oct 2025,,60I73QTBQHF6
How to Use Lookup Reference Math and Text Functions in Excel,https://www.coursera.org/account/accomplishments/records/04XD52OVNB54,Coursera,Oct 2025,,04XD52OVNB54
Construct Stock Market Indices,https://www.coursera.org/account/accomplishments/records/JOD4MB3ZO81Y,Coursera,Oct 2025,,JOD4MB3ZO81Y
Improve your Communication for Business,https://cursa.app/en/my-certificate/certea4c7d9cd7460df21025eba2877dbf83,Cursa - Free online courses with Certificate,Oct 2025,,ea4c7d9cd7460df21025eba2877dbf83
Offensive Security Junior,https://redops-academy.coursestack.com/completion/b6872ce4d89dd7b2,"CourseStack, Inc",Oct 2025,,
Dataiku Core Designer,https://verify.skilljar.com/c/nbatc6m25kh7,Dataiku,Oct 2025,,nbatc6m25kh7
Portfolio Diversification using Correlation Matrix,https://www.coursera.org/account/accomplishments/records/AUR95I33PXE1,Coursera,Oct 2025,,AUR95I33PXE1
Building Candlestick Charts with Google Sheets,https://www.coursera.org/account/accomplishments/verify/TOVDABOAE2G5,Coursera,Oct 2025,,TOVDABOAE2G5
Create Charts and Dashboard using Google Sheets,https://www.coursera.org/account/accomplishments/records/9LP8QCB5S4ZQ,Coursera,Oct 2025,,9LP8QCB5S4ZQ
Create Charts and Dashboards Using Microsoft Excel,https://www.coursera.org/account/accomplishments/records/PFVUTX9NWOS8,Coursera,Oct 2025,,PFVUTX9NWOS8
Profit Analysis using Economic Value Added,https://www.coursera.org/account/accomplishments/records/Q207P93BXDCE,Coursera,Oct 2025,,Q207P93BXDCE
Stock Valuation with Dividend Discount Model,https://www.coursera.org/account/accomplishments/records/5LSOSK26GM9T,Coursera,Oct 2025,,5LSOSK26GM9T
Seeking Investment Alpha,https://www.coursera.org/account/accomplishments/records/8J2CAVB4CKR2,Coursera,Oct 2025,,8J2CAVB4CKR2
Portfolio Optimization using Markowitz Model,https://www.coursera.org/account/accomplishments/records/GBXV6E8YJMTV,Coursera,Oct 2025,,GBXV6E8YJMTV
Introduction to Cybersecurity Awareness,https://www.life-global.org/certificate/4b8e3502-30d4-4bb6-841b-1d6645a95b91,HP LIFE,Oct 2025,,
Digital Skills Builder,https://www.life-global.org/en/badges/96ba8c6f-f607-4a99-bb80-d1c2b82919a1,HP LIFE,Oct 2025,,
Your Target Audience,https://www.life-global.org/certificate/f007ec0a-299b-49e0-b1f4-5319bf4a2ed3,HP LIFE,Oct 2025,,
Selling Online,https://www.life-global.org/certificate/8167364b-b9f0-45a6-9890-685245714bd7,HP LIFE,Oct 2025,,
Setting Prices,https://www.life-global.org/certificate/7d53ab1a-900f-4eee-834b-e83a51b99f11,HP LIFE,Oct 2025,,
Marketing Benefits vs. Features,https://www.life-global.org/certificate/45f0f6b9-5174-4a43-9ba9-0446072464a9,HP LIFE,Oct 2025,,
3D Printing,https://www.life-global.org/certificate/98f7fe55-310b-4602-be7f-3a4f56479cf4,HP LIFE,Oct 2025,,
Growth Engine for Your Business,https://www.life-global.org/certificate/658cc122-1b0b-47a3-91f5-6b8a270a7cfa,HP LIFE,Oct 2025,,
The Art of Sales: Fundamentals of Selling,https://www.life-global.org/certificate/8b1dcaf3-a71f-4739-a654-8b820bf472db,HP LIFE,Oct 2025,,
Social Entrepreneurship,https://www.life-global.org/certificate/ca135f56-a19c-47bd-9af1-54bfefff7d12,HP LIFE,Oct 2025,,
Innovation Insights,https://www.life-global.org/en/badges/b77a3200-2971-4e8a-9904-fc775cf7c609,HP LIFE,Oct 2025,,
Effective Business Websites,https://www.life-global.org/certificate/3efe3307-c2ea-4078-a9a3-2e73475463cc,HP LIFE,Oct 2025,,
Marketing Basics,https://www.life-global.org/en/badges/7d500197-111f-441c-b9c9-514324c57fd8,HP LIFE,Oct 2025,,
Dataiku Advanced Designer,https://verify.skilljar.com/c/raubdjviz6qu,Dataiku,Oct 2025,,raubdjviz6qu
Machine Learning Methods and Tools,https://www.credly.com/badges/a5378455-b312-410b-b179-75942531409e/linked_in_profile,IBM,Nov 2025,,
AI-Enabled Applications for Customer Service,https://www.credly.com/badges/5b5c556f-958b-4de2-997c-2a910e033b6c/linked_in_profile,IBM,Nov 2025,,
Remote Work Productivity and Collaboration,https://cursa.app/en/my-certificate/cert5b7adee6a39d109abde12fdb4dccda9d,Cursa - Free online courses with Certificate,Nov 2025,,5b7adee6a39d109abde12fdb4dccda9d
Management - Managerial Accounting,https://cursa.app/en/my-certificate/certeba97df4602b8db59d8cf71535b2ba9a,Cursa - Free online courses with Certificate,Nov 2025,,eba97df4602b8db59d8cf71535b2ba9a
Lean Foundations Professional Certification™ (LFPC™),https://www.skillfront.com/Badges/22008645700272,SkillFront,Nov 2025,,
ISO/IEC 27001 Information Security Executive™,https://www.skillfront.com/Badges/83952287026308,SkillFront,Nov 2025,,
Certified Six Sigma Black Belt™ (CSSBB™),https://www.sixsigma-institute.org/badges/67199941736645,International Six Sigma Institute™,Dec 2025,,
Knowledge and Skills to provide excellent Customer Service,https://cursa.app/en/my-certificate/cert64390137d75ef6153013a47f08816220,Cursa - Free online courses with Certificate,Dec 2025,,64390137d75ef6153013a47f08816220
Certified Insurance Industry Fundamentals™ (CIIF™),https://www.skillfront.com/Badges/23187216686958,SkillFront,Dec 2025,,
Cryptography and Network Security,https://cursa.app/en/my-certificate/cert79f1c510a7b257341749e386904e75e7,Cursa - Free online courses with Certificate,Dec 2025,,79f1c510a7b257341749e386904e75e7
Effective Leadership and Team Management,https://cursa.app/en/my-certificate/certdf4175be8b913eb18a1b58bcf1d2ef47,Cursa - Free online courses with Certificate,Jan 2026,,df4175be8b913eb18a1b58bcf1d2ef47
SkillFront Star Learners Club: Premium Member Badge,https://www.skillfront.com/Badges/53015830229122,SkillFront,Jan 2026,,
Corporate management,https://cursa.app/en/my-certificate/certdb5b893b8fbc3e25facfb76ffa84ce51,Cursa - Free online courses with Certificate,Jan 2026,,db5b893b8fbc3e25facfb76ffa84ce51
Fundamentals of Encryption & Quantum-Safe Techniques,https://courses.cognitiveclass.ai/certificates/015a979231ff421a8af6614b4bd3d119,Cognitive Class,Jan 2026,,015a979231ff421a8af6614b4bd3d119
Apply end to end security to a cloud application,https://courses.cognitiveclass.ai/certificates/7fa54bb0ec3540268fb1e34b81f9e629,Cognitive Class,Jan 2026,,7fa54bb0ec3540268fb1e34b81f9e629
IT Security,https://cursa.app/en/my-certificate/certe3dc464ac5edd93456e1c38abc2da44d,Cursa - Free online courses with Certificate,Jan 2026,,e3dc464ac5edd93456e1c38abc2da44d
Introduction to Project Management with ClickUp,https://www.coursera.org/account/accomplishments/records/A7NKJ3MP3BEX,Coursera,Jan 2026,,A7NKJ3MP3BEX
International Cyber Conflicts,https://www.coursera.org/account/accomplishments/verify/JXUCO7R215TB,The State University of New York,Jan 2026,,JXUCO7R215TB
Critical Thinking in the AI Era,https://www.life-global.org/certificate/de5d35f6-88ca-40b9-9ade-1c333859eced,HP LIFE,Jan 2026,,de5d35f6-88ca-40b9-9ade-1c333859eced
Retrieval-Augmented Generation for Enhanced AI Outputs,https://www.credly.com/badges/5a3f2b88-42db-4d2b-8c0c-a0b3bb75318d/linked_in_profile,IBM,Feb 2026,,
IS-42.a: Social Media in Emergency Management,,FEMA,Feb 2026,,SID: 0009284968
IS-00045: Continuous Improvement (CI),,FEMA,Feb 2026,,SID: 0009284968
IS-66: Preparing the Nation for Space Weather Events,,FEMA,Feb 2026,,SID: 0009284968
IS-75: Military Resources in Emergency Management,,FEMA,Feb 2026,,SID: 0009284968
Money Laundering Prevention 2026,,helpmaster.de GmbH,Mar 2026,,
Introduction to Data Analysis using Microsoft Excel,https://www.coursera.org/account/accomplishments/records/8FXHQ1RR8JHR,Coursera,Mar 2026,,8FXHQ1RR8JHR
Create a Financial Statement using Microsoft Excel,https://www.coursera.org/account/accomplishments/records/JZ6GCO8123E9,Coursera,Mar 2026,,JZ6GCO8123E9
Excel with Copilot: AI-Driven Data Analysis,https://www.linkedin.com/learning/certificates/feb12c4c447ccf12ee0808a635e67f224b512bf1c3e1a9f35f8e8bed8e00b3b5,LinkedIn,Mar 2026,,feb12c4c447ccf12ee0808a635e67f224b512bf1c3e1a9f35f8e8bed8e00b3b5
Introduction to Prompt Engineering for Generative AI,https://www.linkedin.com/learning/certificates/f5c0bfe0c9df5637245c05882263ee2157e268540ca73901126feaab4a0ebc5a,LinkedIn,Feb 2026,,f5c0bfe0c9df5637245c05882263ee2157e268540ca73901126feaab4a0ebc5a
Microsoft Security Essentials Professional Certificate by Microsoft and LinkedIn,https://www.linkedin.com/learning/certificates/4453e3cfb37bb9c9297bcbf148e5e70e6e7469e21ba78c7e2c4b2ff9af5bdeac,Microsoft,Mar 2026,,
Microsoft Copilot: The Art of Prompt Writing,https://www.linkedin.com/learning/certificates/da40e28579b48a163dc1f9a02252c97cf0de6793e631b2b60ee9d896d3ea3f95,LinkedIn,Mar 2026,,
AI Productivity Hacks to Reimagine Your Workday and Career,https://www.linkedin.com/learning/certificates/0283bd4e6f032e94a5532972945b63d5448c23551548dde5f4d7635591e54a5f,LinkedIn,Mar 2026,,
Career Essentials in Cybersecurity by Microsoft and LinkedIn,https://www.linkedin.com/learning/certificates/88c2fda3bd27f43662c0d4caa04a5bb0e4610fc401d4496dcd8b6aa5926af93e,Microsoft,Apr 2026,,
Ethics in the Age of Generative AI,https://www.linkedin.com/learning/certificates/b8ad5cc1ef6433d606ad44656015fcca8e3ef737203c0461336eb71126a3f7b5,LinkedIn,Apr 2026,,
Build Your Generative AI Productivity Skills with Microsoft and LinkedIn,https://www.linkedin.com/learning/certificates/b537ae7907b82a74ceb9998ab445e5ab8657aa5ca00e46a33a6f1b10013d34e8,Microsoft,Apr 2026,,
Everyday AI Concepts,https://www.linkedin.com/learning/certificates/3e3e2866a8da11775577693bf9a33ad263e3432555fb8520336e0c7e82e48629?trk=share_certificate,LinkedIn,Apr 2026,,
What Is Generative AI?,https://www.linkedin.com/learning/certificates/3b891009d1cd290dccb350489f733bc62827d71f6abfa861c61d6f3639bf5103,LinkedIn,Apr 2026,,
Words Matter: How to Communicate with Children so they Thrive — Words Matter,https://www.futurelearn.com/certificates/7sbrq2s,FutureLearn,Apr 2026,,
Forensic Psychology: Witness Investigation,https://www.futurelearn.com/certificates/lcnku2j,The Open University,Apr 2026,,
Social Learning and Collaboration in School: Learning to thrive through play,https://www.futurelearn.com/certificates/nannuay,The LEGO Foundation,Apr 2026,,
Bioinformatics for Biologists: Analysing and Interpreting Genomics Datasets,https://www.futurelearn.com/certificates/dxewkd1,FutureLearn,Apr 2026,,
Digital Skills: Social Media,https://www.futurelearn.com/certificates/brlyqur,Accenture,Apr 2026,,
Digital Skills: Digital Marketing,https://www.futurelearn.com/certificates/64cfcrm,Accenture,Apr 2026,,
Digital Skills: Artificial Intelligence,https://www.futurelearn.com/certificates/krruov7,Accenture,Apr 2026,,
Digital Skills: User Experience,https://www.futurelearn.com/certificates/2uloflt,Accenture,Apr 2026,,
Marketing in the New Digital Era,https://www.futurelearn.com/certificates/8r3yd31,FutureLearn,Apr 2026,,
Inclusive Leadership: Collaborating for professional development,https://www.open.edu/openlearn/,The Open University,Apr 2026,,
Inclusive Leadership: Effecting change,https://www.open.edu/openlearn/,The Open University,Apr 2026,,
Leadership for inclusion: thinking it through,https://www.open.edu/openlearn/,The Open University,Apr 2026,,
Leadership for inclusion: what can you do?,https://www.open.edu/openlearn/,The Open University,Apr 2026,,
Information security,https://www.open.edu/openlearn/,The Open University,Apr 2026,,
Strategic Communication & Teamwork,https://www.santanderopenacademy.com/,Santander Open Academy,Apr 2026,,OA-2026-0427002539150
Physical and mental health for young children,https://www.open.edu/openlearn/,The Open University,Apr 2026,,
Citi - Personal Banking,https://www.theforage.com/completion-certificates/8eNRcRqBZM9HLvwGw/uXC3LSjpH4J7Z9x2M_8eNRcRqBZM9HLvwGw_69f15d41409dc5f29354526a_1777426360337_completion_certificate.pdf,Citi,Apr 2026,,79HsrvRB66rrreAoF
PNC - Overview of Financial Services and Banking,https://www.theforage.com/completion-certificates/3W4C6QjJzfhEmi4Ay/KfhEd8StnWdjsTGsw_3W4C6QjJzfhEmi4Ay_69f15d41409dc5f29354526a_1777426996916_completion_certificate.pdf,PNC,Apr 2026,,e9nDJEDC75zWg39QF
mastercard - Cybersecurity,https://www.theforage.com/completion-certificates/mfxGwGDp6WkQmtmTf/vcKAB5yYAgvemepGQ_mfxGwGDp6WkQmtmTf_69f15d41409dc5f29354526a_1777427503088_completion_certificate.pdf,Mastercard,Apr 2026,,sgzLacPxA9R3S3Liy
Citi - Service,https://www.theforage.com/completion-certificates/8eNRcRqBZM9HLvwGw/tJ3ENBW8jgwYzTRmv_8eNRcRqBZM9HLvwGw_69f15d41409dc5f29354526a_1777464970293_completion_certificate.pdf,Citi,Apr 2026,,ZJ3aKC9TbtSRomQJu
Citi - Markets Sales & Trading,https://www.theforage.com/completion-certificates/8eNRcRqBZM9HLvwGw/gJjSg64PLtchbxKgj_8eNRcRqBZM9HLvwGw_69f15d41409dc5f29354526a_1777465907891_completion_certificate.pdf,Citi,Apr 2026,,WcybCHrK49eeo9fso
Citi - Investment Banking,https://www.theforage.com/completion-certificates/8eNRcRqBZM9HLvwGw/amBSJDTDDFcYiKq9Z_8eNRcRqBZM9HLvwGw_69f15d41409dc5f29354526a_1777476344777_completion_certificate.pdf,Citi,Apr 2026,,SdM5QmXWdYbW6Y3gR
Citi - Wealth,https://www.theforage.com/completion-certificates/8eNRcRqBZM9HLvwGw/249ruQ55C2R3ZAjnt_8eNRcRqBZM9HLvwGw_69f15d41409dc5f29354526a_1777480444352_completion_certificate.pdf,Citi,Apr 2026,,PtfdzgzAGyxga3Smn
Citi - Finance,https://www.theforage.com/completion-certificates/8eNRcRqBZM9HLvwGw/Cf35qdHjFPqLFRhgy_8eNRcRqBZM9HLvwGw_69f15d41409dc5f29354526a_1777483380573_completion_certificate.pdf,Citi,Apr 2026,,qRjXW7CgJc8LbRkpk
Citi - Technology Software Development,https://www.theforage.com/completion-certificates/8eNRcRqBZM9HLvwGw/2jxESPvorR7fmypXj_8eNRcRqBZM9HLvwGw_69f15d41409dc5f29354526a_1777484163604_completion_certificate.pdf,Citi,Apr 2026,,q9qt2arPYEsbxDQyj
Bloomberg - Client Engagement,https://www.theforage.com/completion-certificates/pNeDZ9MsW9WShojQm/cezQYMNq3M3y8pDHw_pNeDZ9MsW9WShojQm_69f15d41409dc5f29354526a_1777484834527_completion_certificate.pdf,Bloomberg,Apr 2026,,MA8WiaoYCJd47Pp3b
Bloomberg - Client Service,https://www.theforage.com/completion-certificates/pNeDZ9MsW9WShojQm/sqYY2sxG2zNqXfHjJ_pNeDZ9MsW9WShojQm_69f15d41409dc5f29354526a_1777486279478_completion_certificate.pdf,Bloomberg,Apr 2026,,E2Ecauhv25nRWqnyu
mastercard - Advisors & Consulting Services,https://www.theforage.com/completion-certificates/mfxGwGDp6WkQmtmTf/DZxgGgvMB6cEtEyJg_mfxGwGDp6WkQmtmTf_69f15d41409dc5f29354526a_1777486726656_completion_certificate.pdf,Mastercard,Apr 2026,,ayr5ty8irh97q7gqg
Goldman Sachs - Controllers,https://www.theforage.com/completion-certificates/MBA4MnZTNFEoJZGnk/vjFao7z4tXKe2EwvK_MBA4MnZTNFEoJZGnk_69f15d41409dc5f29354526a_1777487044958_completion_certificate.pdf,Goldman Sachs,Apr 2026,,6WxGpCDiDSH8SmDBG
Goldman Sachs - Internal Audit,https://www.theforage.com/completion-certificates/MBA4MnZTNFEoJZGnk/dC4ChhAkhpgB7QvGd_MBA4MnZTNFEoJZGnk_69f15d41409dc5f29354526a_1777487369891_completion_certificate.pdf,Goldman Sachs,Apr 2026,,PcSFB4cX3CpGcvXmT
Goldman Sachs - Risk,https://www.theforage.com/completion-certificates/MBA4MnZTNFEoJZGnk/ETGMhLB5eCrYjcH8o_MBA4MnZTNFEoJZGnk_69f15d41409dc5f29354526a_1777487847369_completion_certificate.pdf,Goldman Sachs,Apr 2026,,eK6P88rnekxeT7d2i
Goldman Sachs - Operations,https://www.theforage.com/completion-certificates/MBA4MnZTNFEoJZGnk/wNge9cjzNTXD2acrv_MBA4MnZTNFEoJZGnk_69f15d41409dc5f29354526a_1777488122007_completion_certificate.pdf,Goldman Sachs,Apr 2026,,dWkwSso2DcXENi7o4
Leo Cussen - Family Law,https://www.theforage.com/completion-certificates/RGekxZXJpbZtJrQnH/jZ6sTbKWjJdcqWeZt_RGekxZXJpbZtJrQnH_69f15d41409dc5f29354526a_1777489048476_completion_certificate.pdf,Leo Cussen Centre for Law,Apr 2026,,go3iZLyCSPb2Lte4Z
Leo Cussen - Criminal Law,https://www.theforage.com/completion-certificates/RGekxZXJpbZtJrQnH/5K3NNxbkwjW6wg7ao_RGekxZXJpbZtJrQnH_69f15d41409dc5f29354526a_1777490220468_completion_certificate.pdf,Leo Cussen Centre for Law,Apr 2026,,ARbgftuXHTF2bFieL
AIG - Shields Up: Cybersecurity,https://www.theforage.com/completion-certificates/4nAmAbTbHbnGMNSyo/2ZFnEGEDKTQMtEv9C_4nAmAbTbHbnGMNSyo_69f15d41409dc5f29354526a_1777491706224_completion_certificate.pdf,AIG,Apr 2026,,JduKxWzd7DADkJqPC
Datacom - Cyber Security Operations,https://www.theforage.com/completion-certificates/gCW7Xki5Y3vNpBmnn/yTszJTvkHFBH6zAn3_gCW7Xki5Y3vNpBmnn_69f15d41409dc5f29354526a_1777492040449_completion_certificate.pdf,Datacom,Apr 2026,,WrNkPbogPZegTkL5o
Tata - Cybersecurity Analyst,https://www.theforage.com/completion-certificates/ifobHAoMjQs9s6bKS/gmf3ypEXBj2wvfQWC_ifobHAoMjQs9s6bKS_69f15d41409dc5f29354526a_1777493044127_completion_certificate.pdf,Tata Group,Apr 2026,,WmXMmJav38zyW3xeg
Deloitte - Cyber,https://www.theforage.com/completion-certificates/9PBTqmSxAf6zZTseP/E9pA6qsdbeyEkp3ti_9PBTqmSxAf6zZTseP_69f15d41409dc5f29354526a_1777493290238_completion_certificate.pdf,Deloitte,Apr 2026,,yR6SLW9tEaQBRQcpS
Lloyds Banking Group - Business & Commercial Banking Advanced,https://www.theforage.com/completion-certificates/Zbnc2o4ok6kD2NEXx/FATyQaX5fKsbBDz7g_Zbnc2o4ok6kD2NEXx_69f15d41409dc5f29354526a_1777499755791_completion_certificate.pdf,Lloyds Banking Group,Apr 2026,,Q3GdZjF2SX5Nso79G
BUS305: Foundations of Entrepreneurship,https://learn.saylor.org/admin/tool/certificate/index.php?code=7893619970MM,Saylor University,May 2026,,7893619970MM
BUS401: Management Leadership,https://learn.saylor.org/admin/tool/certificate/index.php?code=8411226929MM,Saylor University,May 2026,,8411226929MM
PRDV224: Leadership and Teams,https://learn.saylor.org/admin/tool/certificate/index.php?code=2193259738MM,Saylor University,May 2026,,2193259738MM
Introduction to Human Communication,https://cursa.app/en/my-certificate/cert1dbe1ca30ca68fd1d32233d9edce674f,Cursa - Free online courses with Certificate,May 2026,,1dbe1ca30ca68fd1d32233d9edce674f
Soft Skills for business,https://cursa.app/en/my-certificate/certba77e24af65e76220377e70ca1be8eb7,Cursa - Free online courses with Certificate,May 2026,,ba77e24af65e76220377e70ca1be8eb7
Public Speaking,https://cursa.app/en/my-certificate/cert1282f13744fd8a9e85b137f7b6cafee4,Cursa - Free online courses with Certificate,May 2026,,1282f13744fd8a9e85b137f7b6cafee4
How To Become A Master In The Art of Public Speaking,https://cursa.app/en/my-certificate/cert57e5b9904bb61a814646525ba76bd280,Cursa - Free online courses with Certificate,May 2026,,57e5b9904bb61a814646525ba76bd280
"Organizational Behaviour (OB) Masterclass: Motivation, Leadership, Communication and Team Dynamics",https://cursa.app/en/my-certificate/cert1d1d3db5621fb10d10f41c93df6571f4,Cursa - Free online courses with Certificate,May 2026,,1d1d3db5621fb10d10f41c93df6571f4
Personal Branding for Professionals: Be Known for the Right Things,https://cursa.app/en/my-certificate/cert90deac523145903877a6b845f4fa158a,Cursa - Free online courses with Certificate,May 2026,,90deac523145903877a6b845f4fa158a
Public Speaking and Presentation Skills,https://cursa.app/en/my-certificate/cert7d0d8b0e7ddf20e3f5f567c82eac0e13,Cursa - Free online courses with Certificate,May 2026,,7d0d8b0e7ddf20e3f5f567c82eac0e13
"Business Negotiation for Non‑Sales Roles: Influence, Trade‑Offs, and Win‑Win Agreements",https://cursa.app/en/my-certificate/cert8c51dc38ddaebeac917d7a73d4710ea3,Cursa - Free online courses with Certificate,May 2026,,8c51dc38ddaebeac917d7a73d4710ea3
Principles of Management,https://cursa.app/en/my-certificate/certe409e3b1f306650b8c8842af5d7be90e,Cursa - Free online courses with Certificate,May 2026,,e409e3b1f306650b8c8842af5d7be90e
Business Analyst,https://cursa.app/en/my-certificate/cert647dbcd82794ab6b19fcd8f849f2ce96,Cursa - Free online courses with Certificate,May 2026,,647dbcd82794ab6b19fcd8f849f2ce96
Effective Leadership and Communication in Project Management,https://cursa.app/en/my-certificate/cert2677272c6c80613daf1a7db76e1f81f3,Cursa - Free online courses with Certificate,May 2026,,2677272c6c80613daf1a7db76e1f81f3
Hybrid working: organisational development,https://www.open.edu/openlearn/,The Open University,May 2026,,
BUS501: Strategic Management,https://learn.saylor.org/admin/tool/certificate/index.php?code=6967057178MM,Saylor University,May 2026,,6967057178MM
Language in professional life,https://www.open.edu/openlearn/,The Open University,2026,,
Risk Management,https://www.open.edu/openlearn/,The Open University,May 2026,,
BUS607: Data-Driven Decision-Making,https://learn.saylor.org/admin/tool/certificate/index.php?code=3057055649MM,Saylor University,May 2026,,3057055649MM
"Cash Handling Fundamentals: Counting, Verifying, and Balancing the Drawer",https://cursa.app/en/my-certificate/cert33eae4065427a286bb392c4b61744934,Cursa - Free online courses with Certificate,May 2026,,33eae4065427a286bb392c4b61744934
BUS602: Marketing Management,https://learn.saylor.org/admin/tool/certificate/index.php?code=1889120492MM,Saylor University,May 2026,,1889120492MM
Claude 101,https://verify.skilljar.com/c/uyw8nfswxo9j,Anthropic,May 2026,,
Claude Code 101,https://verify.skilljar.com/c/pdyfdnxeiybz,Anthropic,May 2026,,
Introduction to Claude Cowork,https://verify.skilljar.com/c/8buupybzxy2s,Anthropic,May 2026,,
Claude Code in Action,https://verify.skilljar.com/c/pvyiq4sabxjo,Anthropic,May 2026,,
AI Fluency: Framework & Foundations,https://verify.skilljar.com/c/gnkbjz7bkfsr,Anthropic,May 2026,,
Claude with the Anthropic API,https://verify.skilljar.com/c/6j4a7nfwdauc,Anthropic,May 2026,,
Introduction to Model Context Protocol,https://verify.skilljar.com/c/e8bdy7q33vem,Anthropic,May 2026,,
AI Fluency for educators,https://verify.skilljar.com/c/v4j6jhteq5mn,Anthropic,May 2026,,
AI Fluency for students,https://verify.skilljar.com/c/53kqaqvhdhg9,Anthropic,May 2026,,
Model Context Protocol: Advanced Topics,https://verify.skilljar.com/c/9ac5weomwb5b,Anthropic,May 2026,,
Claude with Amazon Bedrock,https://verify.skilljar.com/c/ijrd9ekj5d2r,Anthropic,May 2026,,
Introduction to agent skills,https://verify.skilljar.com/c/48qk4ssfy8vs,Anthropic,May 2026,,
Introduction to subagents,https://verify.skilljar.com/c/yps4vomw5eyh,Anthropic,May 2026,,
AI Capabilities and Limitations,https://verify.skilljar.com/c/6hyzyna8bk86,Anthropic,May 2026,,
Claude with Google Cloud's Vertex AI,https://verify.skilljar.com/c/9c99vf6phc7e,Anthropic,May 2026,,
AI Fluency for nonprofits,https://verify.skilljar.com/c/k9xw5rud6cpy,Anthropic,May 2026,,
Teaching AI Fluency,https://verify.skilljar.com/c/ajcq4rfrbu3m,Anthropic,May 2026,,
Credit Analyst,https://www.theforage.com/completion-certificates/ZsgybEFo5RxyHxwXL/TwxTEuyPugfgMGm8H_ZsgybEFo5RxyHxwXL_69f15d41409dc5f29354526a_1778426106214_completion_certificate.pdf,Standard Chartered,May 2026,,jZtHJjurae4JfkN37
Financial Services Regulation,https://www.theforage.com/completion-certificates/nxah4kANBvKsif7RL/AZyRfectsEhjP83ew_nxah4kANBvKsif7RL_69f15d41409dc5f29354526a_1778427652609_completion_certificate.pdf,Herbert Smith Freehills,May 2026,,EDPrnpi7uEBPzhkSS
Cyber Security,https://www.theforage.com/completion-certificates/qbcPPWhE6mhQeKgdy/33CKX5eTKH3dXer7X_qbcPPWhE6mhQeKgdy_69f15d41409dc5f29354526a_1778428089405_completion_certificate.pdf,Clifford Chance,May 2026,,57fNPLRmmCZ9k4sC8
Data Visualisation: Empowering Business with Effective Insights,https://www.theforage.com/completion-certificates/ifobHAoMjQs9s6bKS/MyXvBcppsW2FkNYCX_ifobHAoMjQs9s6bKS_69f15d41409dc5f29354526a_1778587429511_completion_certificate.pdf,Tata Group,May 2026,,z9cEW8Cr3q5ttwefD
Global Cyber with Data Privacy,https://www.theforage.com/completion-certificates/uxGH3sjkNN8brpyKQ/BF9cCduWYEyMJiLea_uxGH3sjkNN8brpyKQ_69f15d41409dc5f29354526a_1778587954141_completion_certificate.pdf,DLA Piper,May 2026,,wgTEf8TFAHZpnd6Y2
